# Annual mean atmospheric CO2 concentration [ppm], 1850-2100.
# 1850-2014: historical; 2015-2100: SSP scenarios.
# Source: RCMIP v5.1.0 (Nicholls et al. 2020; Meinshausen et al. 2020). CC BY 4.0.
year,SSP1-2.6,SSP2-4.5,SSP3-7.0,SSP5-8.5
1850,284.32,284.32,284.32,284.32
1851,284.45,284.45,284.45,284.45
1852,284.6,284.6,284.6,284.6
1853,284.73,284.73,284.73,284.73
1854,284.85,284.85,284.85,284.85
1855,284.94,284.94,284.94,284.94
1856,285.05,285.05,285.05,285.05
1857,285.2,285.2,285.2,285.2
1858,285.37,285.37,285.37,285.37
1859,285.54,285.54,285.54,285.54
1860,285.74,285.74,285.74,285.74
1861,285.93,285.93,285.93,285.93
1862,286.1,286.1,286.1,286.1
1863,286.27,286.27,286.27,286.27
1864,286.44,286.44,286.44,286.44
1865,286.61,286.61,286.61,286.61
1866,286.78,286.78,286.78,286.78
1867,286.96,286.96,286.96,286.96
1868,287.11,287.11,287.11,287.11
1869,287.22,287.22,287.22,287.22
1870,287.35,287.35,287.35,287.35
1871,287.49,287.49,287.49,287.49
1872,287.66,287.66,287.66,287.66
1873,287.86,287.86,287.86,287.86
1874,288.06,288.06,288.06,288.06
1875,288.29,288.29,288.29,288.29
1876,288.52,288.52,288.52,288.52
1877,288.75,288.75,288.75,288.75
1878,288.99,288.99,288.99,288.99
1879,289.22,289.22,289.22,289.22
1880,289.47,289.47,289.47,289.47
1881,289.74,289.74,289.74,289.74
1882,290.02,290.02,290.02,290.02
1883,290.26,290.26,290.26,290.26
1884,290.51,290.51,290.51,290.51
1885,290.8,290.8,290.8,290.8
1886,291.1,291.1,291.1,291.1
1887,291.41,291.41,291.41,291.41
1888,291.76,291.76,291.76,291.76
1889,292.11,292.11,292.11,292.11
1890,292.46,292.46,292.46,292.46
1891,292.82,292.82,292.82,292.82
1892,293.17,293.17,293.17,293.17
1893,293.48,293.48,293.48,293.48
1894,293.79,293.79,293.79,293.79
1895,294.08,294.08,294.08,294.08
1896,294.36,294.36,294.36,294.36
1897,294.65,294.65,294.65,294.65
1898,294.95,294.95,294.95,294.95
1899,295.3,295.3,295.3,295.3
1900,295.67,295.67,295.67,295.67
1901,296.01,296.01,296.01,296.01
1902,296.32,296.32,296.32,296.32
1903,296.65,296.65,296.65,296.65
1904,296.95,296.95,296.95,296.95
1905,297.29,297.29,297.29,297.29
1906,297.66,297.66,297.66,297.66
1907,298.1,298.1,298.1,298.1
1908,298.52,298.52,298.52,298.52
1909,298.94,298.94,298.94,298.94
1910,299.38,299.38,299.38,299.38
1911,299.83,299.83,299.83,299.83
1912,300.35,300.35,300.35,300.35
1913,300.91,300.91,300.91,300.91
1914,301.42,301.42,301.42,301.42
1915,301.94,301.94,301.94,301.94
1916,302.48,302.48,302.48,302.48
1917,303.01,303.01,303.01,303.01
1918,303.45,303.45,303.45,303.45
1919,303.81,303.81,303.81,303.81
1920,304.25,304.25,304.25,304.25
1921,304.6,304.6,304.6,304.6
1922,304.94,304.94,304.94,304.94
1923,305.27,305.27,305.27,305.27
1924,305.63,305.63,305.63,305.63
1925,305.81,305.81,305.81,305.81
1926,305.95,305.95,305.95,305.95
1927,306.18,306.18,306.18,306.18
1928,306.33,306.33,306.33,306.33
1929,306.49,306.49,306.49,306.49
1930,306.62,306.62,306.62,306.62
1931,306.82,306.82,306.82,306.82
1932,307.09,307.09,307.09,307.09
1933,307.4,307.4,307.4,307.4
1934,307.78,307.78,307.78,307.78
1935,308.23,308.23,308.23,308.23
1936,309.01,309.01,309.01,309.01
1937,309.76,309.76,309.76,309.76
1938,310.29,310.29,310.29,310.29
1939,310.85,310.85,310.85,310.85
1940,311.36,311.36,311.36,311.36
1941,311.81,311.81,311.81,311.81
1942,312.17,312.17,312.17,312.17
1943,312.39,312.39,312.39,312.39
1944,312.41,312.41,312.41,312.41
1945,312.38,312.38,312.38,312.38
1946,312.39,312.39,312.39,312.39
1947,312.49,312.49,312.49,312.49
1948,312.52,312.52,312.52,312.52
1949,312.63,312.63,312.63,312.63
1950,312.82,312.82,312.82,312.82
1951,313.01,313.01,313.01,313.01
1952,313.34,313.34,313.34,313.34
1953,313.73,313.73,313.73,313.73
1954,314.09,314.09,314.09,314.09
1955,314.41,314.41,314.41,314.41
1956,314.7,314.7,314.7,314.7
1957,314.99,314.99,314.99,314.99
1958,315.34,315.34,315.34,315.34
1959,315.81,315.81,315.81,315.81
1960,316.62,316.62,316.62,316.62
1961,317.3,317.3,317.3,317.3
1962,318.04,318.04,318.04,318.04
1963,318.65,318.65,318.65,318.65
1964,319.33,319.33,319.33,319.33
1965,319.82,319.82,319.82,319.82
1966,320.88,320.88,320.88,320.88
1967,321.48,321.48,321.48,321.48
1968,322.39,322.39,322.39,322.39
1969,323.25,323.25,323.25,323.25
1970,324.78,324.78,324.78,324.78
1971,325.4,325.4,325.4,325.4
1972,327.35,327.35,327.35,327.35
1973,329.91,329.91,329.91,329.91
1974,330.76,330.76,330.76,330.76
1975,330.83,330.83,330.83,330.83
1976,331.54,331.54,331.54,331.54
1977,333.35,333.35,333.35,333.35
1978,335.01,335.01,335.01,335.01
1979,336.6,336.6,336.6,336.6
1980,338.7,338.7,338.7,338.7
1981,340.06,340.06,340.06,340.06
1982,340.64,340.64,340.64,340.64
1983,342.27,342.27,342.27,342.27
1984,344.01,344.01,344.01,344.01
1985,345.46,345.46,345.46,345.46
1986,346.9,346.9,346.9,346.9
1987,348.77,348.77,348.77,348.77
1988,351.28,351.28,351.28,351.28
1989,352.89,352.89,352.89,352.89
1990,354.07,354.07,354.07,354.07
1991,355.35,355.35,355.35,355.35
1992,356.23,356.23,356.23,356.23
1993,356.92,356.92,356.92,356.92
1994,358.25,358.25,358.25,358.25
1995,360.24,360.24,360.24,360.24
1996,362.0,362.0,362.0,362.0
1997,363.25,363.25,363.25,363.25
1998,365.93,365.93,365.93,365.93
1999,367.84,367.84,367.84,367.84
2000,369.12,369.12,369.12,369.12
2001,370.67,370.67,370.67,370.67
2002,372.83,372.83,372.83,372.83
2003,375.41,375.41,375.41,375.41
2004,376.99,376.99,376.99,376.99
2005,378.91,378.91,378.91,378.91
2006,381.01,381.01,381.01,381.01
2007,382.6,382.6,382.6,382.6
2008,384.74,384.74,384.74,384.74
2009,386.28,386.28,386.28,386.28
2010,388.72,388.72,388.72,388.72
2011,390.94,390.94,390.94,390.94
2012,393.02,393.02,393.02,393.02
2013,395.72,395.72,395.72,395.72
2014,397.55,397.55,397.55,397.55
2015,399.95,399.95,399.95,399.95
2016,403.12,403.12,403.12,403.12
2017,405.75,405.76,405.81,405.79
2018,408.59,408.63,408.83,408.76
2019,411.42,411.51,411.95,411.79
2020,414.23,414.39,415.15,414.89
2021,417.04,417.29,418.46,418.06
2022,419.81,420.2,421.84,421.33
2023,422.5,423.12,425.28,424.72
2024,425.12,426.07,428.78,428.22
2025,427.67,429.03,432.35,431.83
2026,430.17,432.01,435.97,435.55
2027,432.6,435.01,439.67,439.38
2028,434.97,438.03,443.43,443.31
2029,437.29,441.08,447.26,447.36
2030,439.56,444.14,451.16,451.51
2031,441.78,447.23,455.14,455.78
2032,443.93,450.33,459.17,460.16
2033,445.99,453.43,463.24,464.68
2034,447.97,456.54,467.36,469.33
2035,449.87,459.65,471.54,474.11
2036,451.68,462.77,475.76,479.02
2037,453.43,465.9,480.04,484.07
2038,455.09,469.03,484.38,489.25
2039,456.68,472.18,488.77,494.57
2040,458.2,475.34,493.22,500.02
2041,459.65,478.5,497.73,505.61
2042,461.02,481.67,502.29,511.34
2043,462.31,484.84,506.9,517.23
2044,463.54,488.0,511.56,523.27
2045,464.68,491.15,516.26,529.46
2046,465.75,494.3,521.02,535.81
2047,466.75,497.45,525.83,542.31
2048,467.68,500.59,530.69,548.98
2049,468.53,503.73,535.61,555.8
2050,469.31,506.87,540.58,562.78
2051,470.02,510.01,545.61,569.93
2052,470.66,513.14,550.69,577.26
2053,471.25,516.23,555.82,584.78
2054,471.78,519.29,561.0,592.51
2055,472.25,522.33,566.24,600.43
2056,472.66,525.33,571.53,608.55
2057,473.02,528.31,576.87,616.87
2058,473.32,531.26,582.27,625.39
2059,473.56,534.19,587.72,634.11
2060,473.75,537.08,593.23,643.04
2061,473.88,539.96,598.8,652.17
2062,473.96,542.79,604.42,661.51
2063,474.0,545.59,610.11,671.04
2064,474.0,548.33,615.85,680.79
2065,473.96,551.04,621.65,690.74
2066,473.87,553.7,627.5,700.9
2067,473.75,556.32,633.42,711.27
2068,473.58,558.89,639.4,721.85
2069,473.36,561.43,645.44,732.65
2070,473.11,563.92,651.54,743.66
2071,472.81,566.38,657.71,754.89
2072,472.46,568.77,663.93,766.32
2073,472.04,571.08,670.22,777.93
2074,471.56,573.31,676.57,789.72
2075,471.02,575.47,682.98,801.69
2076,470.41,577.54,689.46,813.85
2077,469.75,579.54,696.0,826.19
2078,469.02,581.46,702.61,838.73
2079,468.24,583.3,709.27,851.45
2080,467.39,585.07,716.01,864.37
2081,466.48,586.77,722.81,877.48
2082,465.54,588.38,729.68,890.71
2083,464.56,589.89,736.63,903.98
2084,463.56,591.3,743.66,917.3
2085,462.53,592.61,750.76,930.67
2086,461.47,593.82,757.95,944.09
2087,460.38,594.94,765.22,957.57
2088,459.26,595.97,772.56,971.1
2089,458.1,596.9,779.98,984.68
2090,456.92,597.73,787.49,998.32
2091,455.71,598.48,795.07,1012.02
2092,454.5,599.15,802.74,1025.74
2093,453.32,599.78,810.49,1039.45
2094,452.16,600.35,818.33,1053.15
2095,451.02,600.89,826.25,1066.85
2096,449.91,601.37,834.27,1080.53
2097,448.81,601.8,842.37,1094.21
2098,447.73,602.18,850.55,1107.89
2099,446.67,602.5,858.83,1121.55
2100,445.63,602.78,867.19,1135.21
